sep=,

firmware launcher:,8.02
firmware GUI,6.70

Household ID:,101
Sensor ID:,25019
Sensor Type:,FUELv2 
Start time:,2025-11-06 12:23:31
Stop time:,2025-11-07 11:14:31
Total number of logs:,1371
Study arm:,0

Fuel type:,charcoal
Fuel calibration value:,0.00
Fuel resolution (gram):,1.00
Fuel consumption (kg/day):,0.0

Timestamp,Weight (kg),w_smooth,consumption (kg)
2025-11-06 12:24:31,-0.004102,,0
2025-11-06 12:25:31,-0.004102,,0
2025-11-06 12:26:31,-0.004102,-0.004102,0
2025-11-06 12:27:31,-0.001436,-0.001436,0
2025-11-06 12:28:31,-0.001436,-0.001436,0
2025-11-06 12:29:31,-0.001436,-0.001436,0
2025-11-06 12:30:31,-0.001795,-0.001795,0
2025-11-06 12:31:31,-0.002171,-0.002171,0
2025-11-06 12:32:31,-0.002674,-0.002674,0
2025-11-06 12:33:31,-0.003652,-0.003652,0
2025-11-06 12:34:31,-0.00406,-0.00406,0
2025-11-06 12:35:31,-0.004647,-0.004647,0
2025-11-06 12:36:31,-0.004925,-0.004925,0
2025-11-06 12:37:31,-0.004925,-0.004925,0
2025-11-06 12:38:31,-0.004961,-0.004961,0
2025-11-06 12:39:31,-0.005438,-0.005438,0
2025-11-06 12:40:31,-0.005506,-0.005506,0
2025-11-06 12:41:31,-0.005879,-0.005879,0
2025-11-06 12:42:31,-0.006101,-0.006101,0
2025-11-06 12:43:31,-0.006246,-0.006246,0
2025-11-06 12:44:31,-0.006288,-0.006288,0
2025-11-06 12:45:31,-0.006302,-0.006302,0
2025-11-06 12:46:31,-0.006809,-0.006809,0
2025-11-06 12:47:31,-0.006821,-0.006821,0
2025-11-06 12:48:31,-0.006969,-0.006969,0
2025-11-06 12:49:31,-0.007161,-0.007161,0
2025-11-06 12:50:31,-0.007528,-0.007528,0
2025-11-06 12:51:31,-0.007546,-0.007546,0
2025-11-06 12:52:31,-0.007976,-0.007546,0
2025-11-06 12:53:31,-0.007546,-0.007976,0
2025-11-06 12:54:31,-0.007976,-0.007976,0
2025-11-06 12:55:31,-0.008115,-0.008115,0
2025-11-06 12:56:31,-0.008213,-0.008115,0
2025-11-06 12:57:31,-0.008115,-0.008213,0
2025-11-06 12:58:31,-0.008331,-0.008331,0
2025-11-06 12:59:31,-0.008455,-0.008455,0
2025-11-06 13:00:31,-0.008589,-0.008571,0
2025-11-06 13:01:31,-0.008571,-0.008571,0
2025-11-06 13:02:31,-0.008571,-0.008571,0
2025-11-06 13:03:31,-0.008571,-0.008571,0
2025-11-06 13:04:31,-0.008571,-0.008571,0
2025-11-06 13:05:31,-0.008571,-0.008571,0
2025-11-06 13:06:31,-0.008689,-0.008689,0
2025-11-06 13:07:31,-0.009388,-0.009388,0
2025-11-06 13:08:31,-0.009522,-0.009522,0
2025-11-06 13:09:31,-0.009566,-0.009566,0
2025-11-06 13:10:31,-0.00959,-0.00959,0
2025-11-06 13:11:31,-0.009649,-0.009649,0
2025-11-06 13:12:31,-0.009803,-0.009803,0
2025-11-06 13:13:31,-0.009883,-0.009883,0
2025-11-06 13:14:31,-0.009883,-0.009883,0
2025-11-06 13:15:31,-0.009883,-0.009883,0
2025-11-06 13:16:31,-0.010108,-0.010108,0
2025-11-06 13:17:31,-0.010392,-0.010392,0
2025-11-06 13:18:31,-0.010603,-0.010603,0
2025-11-06 13:19:31,-0.010813,-0.010813,0
2025-11-06 13:20:31,-0.011014,-0.011014,0
2025-11-06 13:21:31,-0.011014,-0.011014,0
2025-11-06 13:22:31,-0.011014,-0.011014,0
2025-11-06 13:23:31,-0.011014,-0.011014,0
2025-11-06 13:24:31,-0.011151,-0.011151,0
2025-11-06 13:25:31,-0.011154,-0.011154,0
2025-11-06 13:26:31,-0.011613,-0.011613,0
2025-11-06 13:27:31,-0.011613,-0.011613,0
2025-11-06 13:28:31,-0.011613,-0.011613,0
2025-11-06 13:29:31,-0.011405,-0.011405,0
2025-11-06 13:30:31,-0.011047,-0.011047,0
2025-11-06 13:31:31,-0.011047,-0.011047,0
2025-11-06 13:32:31,-0.011047,-0.011047,0
2025-11-06 13:33:31,-0.01131,-0.01131,0
2025-11-06 13:34:31,-0.011586,-0.011586,0
2025-11-06 13:35:31,-0.011879,-0.011879,0
2025-11-06 13:36:31,-0.011897,-0.011897,0
2025-11-06 13:37:31,-0.012199,-0.012199,0
2025-11-06 13:38:31,-0.012199,-0.012199,0
2025-11-06 13:39:31,-0.012199,-0.012199,0
2025-11-06 13:40:31,-0.012474,-0.012474,0
2025-11-06 13:41:31,-0.012507,-0.012507,0
2025-11-06 13:42:31,-0.012572,-0.012572,0
2025-11-06 13:43:31,-0.012824,-0.012824,0
2025-11-06 13:44:31,-0.013058,-0.013058,0
2025-11-06 13:45:31,-0.013233,-0.013233,0
2025-11-06 13:46:31,-0.013487,-0.013233,0
2025-11-06 13:47:31,-0.013487,-0.013233,0
2025-11-06 13:48:31,-0.013233,-0.013233,0
2025-11-06 13:49:31,-0.013061,-0.013061,0
2025-11-06 13:50:31,-0.012776,-0.012776,0
2025-11-06 13:51:31,-0.012753,-0.012776,0
2025-11-06 13:52:31,-0.012776,-0.012776,0
2025-11-06 13:53:31,-0.013061,-0.013061,0
2025-11-06 13:54:31,-0.013144,-0.013144,0
2025-11-06 13:55:31,-0.013144,-0.013144,0
2025-11-06 13:56:31,-0.013144,-0.013144,0
2025-11-06 13:57:31,-0.013049,-0.013049,0
2025-11-06 13:58:31,-0.013049,-0.013049,0
2025-11-06 13:59:31,-0.013049,-0.013049,0
2025-11-06 14:00:31,-0.013049,-0.013049,0
2025-11-06 14:01:31,-0.013295,-0.013295,0
2025-11-06 14:02:31,-0.013588,-0.013588,0
2025-11-06 14:03:31,-0.013843,-0.013843,0
2025-11-06 14:04:31,-0.013843,-0.013843,0
2025-11-06 14:05:31,-0.013843,-0.013843,0
2025-11-06 14:06:31,-0.013911,-0.013911,0
2025-11-06 14:07:31,-0.013911,-0.013911,0
2025-11-06 14:08:31,-0.013911,-0.013911,0
2025-11-06 14:09:31,-0.013926,-0.013911,0
2025-11-06 14:10:31,-0.013789,-0.013789,0
2025-11-06 14:11:31,-0.013757,-0.013757,0
2025-11-06 14:12:31,-0.013609,-0.013609,0
2025-11-06 14:13:31,-0.013511,-0.013511,0
2025-11-06 14:14:31,-0.013005,-0.013005,0
2025-11-06 14:15:31,-0.012537,-0.012537,0
2025-11-06 14:16:31,-0.012424,-0.012424,0
2025-11-06 14:17:31,-0.012424,-0.012424,0
2025-11-06 14:18:31,-0.012424,-0.012424,0
2025-11-06 14:19:31,-0.012424,-0.012424,0
2025-11-06 14:20:31,-0.01235,-0.01235,0
2025-11-06 14:21:31,-0.011607,-0.011607,0
2025-11-06 14:22:31,-0.011607,-0.011607,0
2025-11-06 14:23:31,-0.011607,-0.011607,0
2025-11-06 14:24:31,-0.012083,-0.012083,0
2025-11-06 14:25:31,-0.012116,-0.012116,0
2025-11-06 14:26:31,-0.012205,-0.012205,0
2025-11-06 14:27:31,-0.012403,-0.012403,0
2025-11-06 14:28:31,-0.012448,-0.012448,0
2025-11-06 14:29:31,-0.012886,-0.012886,0
2025-11-06 14:30:31,-0.012886,-0.012886,0
2025-11-06 14:31:31,-0.012895,-0.012895,0
2025-11-06 14:32:31,-0.01291,-0.01291,0
2025-11-06 14:33:31,-0.013292,-0.013292,0
2025-11-06 14:34:31,-0.013398,-0.013398,0
2025-11-06 14:35:31,-0.013398,-0.013398,0
2025-11-06 14:36:31,-0.013398,-0.013398,0
2025-11-06 14:37:31,-0.013398,-0.013398,0
2025-11-06 14:38:31,-0.013701,-0.013701,0
2025-11-06 14:39:31,-0.013701,-0.013701,0
2025-11-06 14:40:31,-0.013701,-0.013701,0
2025-11-06 14:41:31,-0.013701,-0.013701,0
2025-11-06 14:42:31,-0.0136,-0.0136,0
2025-11-06 14:43:31,-0.013496,-0.013496,0
2025-11-06 14:44:31,-0.013458,-0.013458,0
2025-11-06 14:45:31,-0.013437,-0.013437,0
2025-11-06 14:46:31,-0.012083,-0.012083,0
2025-11-06 14:47:31,-0.012083,-0.012083,0
2025-11-06 14:48:31,-0.012083,-0.012083,0
2025-11-06 14:49:31,-0.012051,-0.012083,0
2025-11-06 14:50:31,-0.012169,-0.012083,0
2025-11-06 14:51:31,-0.012169,-0.012051,0
2025-11-06 14:52:31,-0.011094,-0.011094,0
2025-11-06 14:53:31,-0.011094,-0.011094,0
2025-11-06 14:54:31,-0.011094,-0.011094,0
2025-11-06 14:55:31,-0.010848,-0.010848,0
2025-11-06 14:56:31,-0.010431,-0.010431,0
2025-11-06 14:57:31,-0.01028,-0.01028,0
2025-11-06 14:58:31,-0.01028,-0.01028,0
2025-11-06 14:59:31,-0.010123,-0.010123,0
2025-11-06 15:00:31,-0.009071,-0.009071,0
2025-11-06 15:01:31,-0.008769,-0.008769,0
2025-11-06 15:02:31,-0.008722,-0.008722,0
2025-11-06 15:03:31,-0.008544,-0.008544,0
2025-11-06 15:04:31,-0.008544,-0.008544,0
2025-11-06 15:05:31,-0.008482,-0.008482,0
2025-11-06 15:06:31,-0.008444,-0.008444,0
2025-11-06 15:07:31,-0.008402,-0.008402,0
2025-11-06 15:08:31,-0.008328,-0.008328,0
2025-11-06 15:09:31,-0.008275,-0.008275,0
2025-11-06 15:10:31,-0.008275,-0.008275,0
2025-11-06 15:11:31,-0.0077,-0.0077,0
2025-11-06 15:12:31,-0.007454,-0.007454,0
2025-11-06 15:13:31,-0.007274,-0.007274,0
2025-11-06 15:14:31,-0.007274,-0.007274,0
2025-11-06 15:15:31,-0.007075,-0.007274,0
2025-11-06 15:16:31,-0.007274,-0.007075,0
2025-11-06 15:17:31,-0.007075,-0.007075,0
2025-11-06 15:18:31,-0.006646,-0.006646,0
2025-11-06 15:19:31,-0.006551,-0.006551,0
2025-11-06 15:20:31,-0.006551,-0.006551,0
2025-11-06 15:21:31,-0.006445,-0.006551,0
2025-11-06 15:22:31,-0.006551,-0.006551,0
2025-11-06 15:23:31,-0.006551,-0.006445,0
2025-11-06 15:24:31,-0.006445,-0.006445,0
2025-11-06 15:25:31,-0.006329,-0.006329,0
2025-11-06 15:26:31,-0.005378,-0.00571,0
2025-11-06 15:27:31,-0.005378,-0.00571,0
2025-11-06 15:28:31,-0.00571,-0.00571,0
2025-11-06 15:29:31,-0.005914,-0.005802,0
2025-11-06 15:30:31,-0.005802,-0.005914,0
2025-11-06 15:31:31,-0.005914,-0.005914,0
2025-11-06 15:32:31,-0.005914,-0.005914,0
2025-11-06 15:33:31,-0.005962,-0.005962,0
2025-11-06 15:34:31,-0.006009,-0.006009,0
2025-11-06 15:35:31,-0.006048,-0.006048,0
2025-11-06 15:36:31,-0.006048,-0.006048,0
2025-11-06 15:37:31,-0.006643,-0.006643,0
2025-11-06 15:38:31,-0.0072,-0.0072,0
2025-11-06 15:39:31,-0.007694,-0.007694,0
2025-11-06 15:40:31,-0.007694,-0.007694,0
2025-11-06 15:41:31,-0.00778,-0.00778,0
2025-11-06 15:42:31,-0.008121,-0.008121,0
2025-11-06 15:43:31,-0.008648,-0.008648,0
2025-11-06 15:44:31,-0.008743,-0.008743,0
2025-11-06 15:45:31,-0.008912,-0.008912,0
2025-11-06 15:46:31,-0.009237,-0.009237,0
2025-11-06 15:47:31,-0.009341,-0.009314,0
2025-11-06 15:48:31,-0.009314,-0.009314,0
2025-11-06 15:49:31,-0.009314,-0.009314,0
2025-11-06 15:50:31,-0.009314,-0.009314,0
2025-11-06 15:51:31,-0.009291,-0.009291,0
2025-11-06 15:52:31,-0.008426,-0.008426,0
2025-11-06 15:53:31,-0.008088,-0.008088,0
2025-11-06 15:54:31,-0.007786,-0.008088,0
2025-11-06 15:55:31,-0.008088,-0.007786,0
2025-11-06 15:56:31,-0.007786,-0.007786,0
2025-11-06 15:57:31,-0.007786,-0.007928,0
2025-11-06 15:58:31,-0.007928,-0.007928,0
2025-11-06 15:59:31,-0.007928,-0.007928,0
2025-11-06 16:00:31,-0.007928,-0.007928,0
2025-11-06 16:01:31,-0.008109,-0.008109,0
2025-11-06 16:02:31,-0.008544,-0.008544,0
2025-11-06 16:03:31,-0.008544,-0.008544,0
2025-11-06 16:04:31,-0.008663,-0.008663,0
2025-11-06 16:05:31,-0.008698,-0.008663,0
2025-11-06 16:06:31,-0.008663,-0.008663,0
2025-11-06 16:07:31,-0.008663,-0.008698,0
2025-11-06 16:08:31,-0.008864,-0.008864,0
2025-11-06 16:09:31,-0.008864,-0.008864,0
2025-11-06 16:10:31,-0.008864,-0.008864,0
2025-11-06 16:11:31,-0.008864,-0.008864,0
2025-11-06 16:12:31,-0.008864,-0.008864,0
2025-11-06 16:13:31,-0.008156,-0.008313,0
2025-11-06 16:14:31,-0.008313,-0.008313,0
2025-11-06 16:15:31,-0.008313,-0.008313,0
2025-11-06 16:16:31,-0.008453,-0.008331,0
2025-11-06 16:17:31,-0.008331,-0.008453,0
2025-11-06 16:18:31,-0.008453,-0.008453,0
2025-11-06 16:19:31,-0.008453,-0.008453,0
2025-11-06 16:20:31,-0.008538,-0.008453,0
2025-11-06 16:21:31,-0.008331,-0.008453,0
2025-11-06 16:22:31,-0.008538,-0.008331,0
2025-11-06 16:23:31,-0.008296,-0.008296,0
2025-11-06 16:24:31,-0.008177,-0.008177,0
2025-11-06 16:25:31,-0.007937,-0.007937,0
2025-11-06 16:26:31,-0.007656,-0.007656,0
2025-11-06 16:27:31,-0.007475,-0.007475,0
2025-11-06 16:28:31,-0.007475,-0.007475,0
2025-11-06 16:29:31,-0.007475,-0.007475,0
2025-11-06 16:30:31,-0.007579,-0.007579,0
2025-11-06 16:31:31,-0.007579,-0.007579,0
2025-11-06 16:32:31,-0.00789,-0.00789,0
2025-11-06 16:33:31,-0.00789,-0.00789,0
2025-11-06 16:34:31,-0.00789,-0.00789,0
2025-11-06 16:35:31,-0.00789,-0.00789,0
2025-11-06 16:36:31,-0.008455,-0.008455,0
2025-11-06 16:37:31,-0.008455,-0.008455,0
2025-11-06 16:38:31,-0.008604,-0.008604,0
2025-11-06 16:39:31,-0.008749,-0.008749,0
2025-11-06 16:40:31,-0.008959,-0.008959,0
2025-11-06 16:41:31,-0.008959,-0.008959,0
2025-11-06 16:42:31,-0.008959,-0.008959,0
2025-11-06 16:43:31,-0.008959,-0.008959,0
2025-11-06 16:44:31,-0.008959,-0.008959,0
2025-11-06 16:45:31,-0.009379,-0.009379,0
2025-11-06 16:46:31,-0.00964,-0.00964,0
2025-11-06 16:47:31,-0.009753,-0.009753,0
2025-11-06 16:48:31,-0.010031,-0.010031,0
2025-11-06 16:49:31,-0.010031,-0.010031,0
2025-11-06 16:50:31,-0.010191,-0.010191,0
2025-11-06 16:51:31,-0.010191,-0.010191,0
2025-11-06 16:52:31,-0.010191,-0.010191,0
2025-11-06 16:53:31,-0.01007,-0.01007,0
2025-11-06 16:54:31,-0.01007,-0.01007,0
2025-11-06 16:55:31,-0.01007,-0.01007,0
2025-11-06 16:56:31,-0.010766,-0.010766,0
2025-11-06 16:57:31,-0.010905,-0.010905,0
2025-11-06 16:58:31,-0.010905,-0.010905,0
2025-11-06 16:59:31,-0.010905,-0.010905,0
2025-11-06 17:00:31,-0.010582,-0.010582,0
2025-11-06 17:01:31,-0.010582,-0.010582,0
2025-11-06 17:02:31,-0.010582,-0.010582,0
2025-11-06 17:03:31,-0.010591,-0.010591,0
2025-11-06 17:04:31,-0.010609,-0.010609,0
2025-11-06 17:05:31,-0.010934,-0.010934,0
2025-11-06 17:06:31,-0.010976,-0.010976,0
2025-11-06 17:07:31,-0.01102,-0.01102,0
2025-11-06 17:08:31,-0.01102,-0.01102,0
2025-11-06 17:09:31,-0.01102,-0.01102,0
2025-11-06 17:10:31,-0.011032,-0.011032,0
2025-11-06 17:11:31,-0.011032,-0.011032,0
2025-11-06 17:12:31,-0.011068,-0.011068,0
2025-11-06 17:13:31,-0.011068,-0.011068,0
2025-11-06 17:14:31,-0.011325,-0.011325,0
2025-11-06 17:15:31,-0.011627,-0.011627,0
2025-11-06 17:16:31,-0.01224,-0.01224,0
2025-11-06 17:17:31,-0.012673,-0.012673,0
2025-11-06 17:18:31,-0.012768,-0.012768,0
2025-11-06 17:19:31,-0.012827,-0.012827,0
2025-11-06 17:20:31,-0.012827,-0.012827,0
2025-11-06 17:21:31,-0.012827,-0.012827,0
2025-11-06 17:22:31,-0.012954,-0.012827,0
2025-11-06 17:23:31,-0.012377,-0.012377,0
2025-11-06 17:24:31,-0.012175,-0.012377,0
2025-11-06 17:25:31,-0.012377,-0.012377,0
2025-11-06 17:26:31,-0.012439,-0.012439,0
2025-11-06 17:27:31,-0.012439,-0.012439,0
2025-11-06 17:28:31,-0.012548,-0.012548,0
2025-11-06 17:29:31,-0.012548,-0.012548,0
2025-11-06 17:30:31,-0.012634,-0.012634,0
2025-11-06 17:31:31,-0.013665,-0.013665,0
2025-11-06 17:32:31,-0.013798,-0.01373,0
2025-11-06 17:33:31,-0.01373,-0.013798,0
2025-11-06 17:34:31,-0.013798,-0.013798,0
2025-11-06 17:35:31,-0.013798,-0.01373,0
2025-11-06 17:36:31,-0.01373,-0.01373,0
2025-11-06 17:37:31,-0.013718,-0.013718,0
2025-11-06 17:38:31,-0.01368,-0.01368,0
2025-11-06 17:39:31,-0.013585,-0.01368,0
2025-11-06 17:40:31,-0.013585,-0.01368,0
2025-11-06 17:41:31,-0.01368,-0.01368,0
2025-11-06 17:42:31,-0.01402,-0.01402,0
2025-11-06 17:43:31,-0.01429,-0.01429,0
2025-11-06 17:44:31,-0.014322,-0.014322,0
2025-11-06 17:45:31,-0.014379,-0.014379,0
2025-11-06 17:46:31,-0.01469,-0.01469,0
2025-11-06 17:47:31,-0.014776,-0.01469,0
2025-11-06 17:48:31,-0.01469,-0.014776,0
2025-11-06 17:49:31,-0.014776,-0.014776,0
2025-11-06 17:50:31,-0.014859,-0.014859,0
2025-11-06 17:51:31,-0.015001,-0.014859,0
2025-11-06 17:52:31,-0.014859,-0.014859,0
2025-11-06 17:53:31,-0.014859,-0.014859,0
2025-11-06 17:54:31,-0.014859,-0.014859,0
2025-11-06 17:55:31,-0.015001,-0.015001,0
2025-11-06 17:56:31,-0.015232,-0.015232,0
2025-11-06 17:57:31,-0.015232,-0.015232,0
2025-11-06 17:58:31,-0.015232,-0.015232,0
2025-11-06 17:59:31,-0.015087,-0.015087,0
2025-11-06 18:00:31,-0.015087,-0.015087,0
2025-11-06 18:01:31,-0.015087,-0.015087,0
2025-11-06 18:02:31,-0.015087,-0.015087,0
2025-11-06 18:03:31,-0.015368,-0.015368,0
2025-11-06 18:04:31,-0.016236,-0.015599,0
2025-11-06 18:05:31,-0.015771,-0.015771,0
2025-11-06 18:06:31,-0.015599,-0.015771,0
2025-11-06 18:07:31,-0.015771,-0.015771,0
2025-11-06 18:08:31,-0.015771,-0.015771,0
2025-11-06 18:09:31,-0.015771,-0.015771,0
2025-11-06 18:10:31,-0.015889,-0.015889,0
2025-11-06 18:11:31,-0.016064,-0.016064,0
2025-11-06 18:12:31,-0.016268,-0.016268,0
2025-11-06 18:13:31,-0.016437,-0.016437,0
2025-11-06 18:14:31,-0.016437,-0.016437,0
2025-11-06 18:15:31,-0.016573,-0.016573,0
2025-11-06 18:16:31,-0.016757,-0.016757,0
2025-11-06 18:17:31,-0.016757,-0.016757,0
2025-11-06 18:18:31,-0.016757,-0.016757,0
2025-11-06 18:19:31,-0.016757,-0.016757,0
2025-11-06 18:20:31,-0.016514,-0.016662,0
2025-11-06 18:21:31,-0.016514,-0.016662,0
2025-11-06 18:22:31,-0.016662,-0.016662,0
2025-11-06 18:23:31,-0.016662,-0.016662,0
2025-11-06 18:24:31,-0.016662,-0.016662,0
2025-11-06 18:25:31,-0.016662,-0.016662,0
2025-11-06 18:26:31,-0.017012,-0.017012,0
2025-11-06 18:27:31,-0.017012,-0.017012,0
2025-11-06 18:28:31,-0.017722,-0.017722,0
2025-11-06 18:29:31,-0.017722,-0.017722,0
2025-11-06 18:30:31,-0.017722,-0.017722,0
2025-11-06 18:31:31,-0.017293,-0.017293,0
2025-11-06 18:32:31,-0.017293,-0.017293,0
2025-11-06 18:33:31,-0.017293,-0.017293,0
2025-11-06 18:34:31,-0.017287,-0.017293,0
2025-11-06 18:35:31,-0.017287,-0.017287,0
2025-11-06 18:36:31,-0.017645,-0.017287,0
2025-11-06 18:37:31,-0.017207,-0.017287,0
2025-11-06 18:38:31,-0.017207,-0.017645,0
2025-11-06 18:39:31,-0.017705,-0.017705,0
2025-11-06 18:40:31,-0.01782,-0.01782,0
2025-11-06 18:41:31,-0.017906,-0.017906,0
2025-11-06 18:42:31,-0.017927,-0.017906,0
2025-11-06 18:43:31,-0.017906,-0.017927,0
2025-11-06 18:44:31,-0.017927,-0.017927,0
2025-11-06 18:45:31,-0.017927,-0.017927,0
2025-11-06 18:46:31,-0.01814,-0.01814,0
2025-11-06 18:47:31,-0.01814,-0.01814,0
2025-11-06 18:48:31,-0.01851,-0.01814,0
2025-11-06 18:49:31,-0.01814,-0.01851,0
2025-11-06 18:50:31,-0.01851,-0.01851,0
2025-11-06 18:51:31,-0.01851,-0.01851,0
2025-11-06 18:52:31,-0.018925,-0.018925,0
2025-11-06 18:53:31,-0.019064,-0.019064,0
2025-11-06 18:54:31,-0.019085,-0.019085,0
2025-11-06 18:55:31,-0.019123,-0.019085,0
2025-11-06 18:56:31,-0.019123,-0.019123,0
2025-11-06 18:57:31,-0.019085,-0.019123,0
2025-11-06 18:58:31,-0.019147,-0.019085,0
2025-11-06 18:59:31,-0.018949,-0.01904,0
2025-11-06 19:00:31,-0.018949,-0.01904,0
2025-11-06 19:01:31,-0.01904,-0.01904,0
2025-11-06 19:02:31,-0.019283,-0.01904,0
2025-11-06 19:03:31,-0.01904,-0.019111,0
2025-11-06 19:04:31,-0.019147,-0.019147,0
2025-11-06 19:05:31,-0.019111,-0.019111,0
2025-11-06 19:06:31,-0.019147,-0.019147,0
2025-11-06 19:07:31,-0.019111,-0.019147,0
2025-11-06 19:08:31,-0.019147,-0.019147,0
2025-11-06 19:09:31,-0.019236,-0.019147,0
2025-11-06 19:10:31,-0.019236,-0.019147,0
2025-11-06 19:11:31,-0.018919,-0.018919,0
2025-11-06 19:12:31,-0.018919,-0.018919,0
2025-11-06 19:13:31,-0.018919,-0.018919,0
2025-11-06 19:14:31,-0.018919,-0.018919,0
2025-11-06 19:15:31,-0.018522,-0.018919,0
2025-11-06 19:16:31,-0.018949,-0.018925,0
2025-11-06 19:17:31,-0.018949,-0.018925,0
2025-11-06 19:18:31,-0.018925,-0.018925,0
2025-11-06 19:19:31,-0.018522,-0.018522,0
2025-11-06 19:20:31,-0.018386,-0.018386,0
2025-11-06 19:21:31,-0.018202,-0.018202,0
2025-11-06 19:22:31,-0.016938,-0.016938,0
2025-11-06 19:23:31,-0.016837,-0.016837,0
2025-11-06 19:24:31,-0.016704,-0.016837,0
2025-11-06 19:25:31,-0.016837,-0.016837,0
2025-11-06 19:26:31,-0.016837,-0.016837,0
2025-11-06 19:27:31,-0.017429,-0.017429,0
2025-11-06 19:28:31,-0.017429,-0.017429,0
2025-11-06 19:29:31,-0.017429,-0.017429,0
2025-11-06 19:30:31,-0.016979,-0.016979,0
2025-11-06 19:31:31,-0.016399,-0.016399,0
2025-11-06 19:32:31,-0.016194,-0.016194,0
2025-11-06 19:33:31,-0.016194,-0.016194,0
2025-11-06 19:34:31,-0.014927,-0.015329,0
2025-11-06 19:35:31,-0.015329,-0.015329,0
2025-11-06 19:36:31,-0.015329,-0.015329,0
2025-11-06 19:37:31,-0.015632,-0.015329,0
2025-11-06 19:38:31,-0.015329,-0.015632,0
2025-11-06 19:39:31,-0.015632,-0.015632,0
2025-11-06 19:40:31,-0.015632,-0.015578,0
2025-11-06 19:41:31,-0.015578,-0.015578,0
2025-11-06 19:42:31,-0.01519,-0.01543,0
2025-11-06 19:43:31,-0.01543,-0.01543,0
2025-11-06 19:44:31,-0.01543,-0.01543,0
2025-11-06 19:45:31,-0.015578,-0.015492,0
2025-11-06 19:46:31,-0.015492,-0.015578,0
2025-11-06 19:47:31,-0.015898,-0.015578,0
2025-11-06 19:48:31,-0.015898,-0.015492,0
2025-11-06 19:49:31,-0.015492,-0.015492,0
2025-11-06 19:50:31,-0.015255,-0.015255,0
2025-11-06 19:51:31,-0.015001,-0.015001,0
2025-11-06 19:52:31,-0.014867,-0.014867,0
2025-11-06 19:53:31,-0.014867,-0.014867,0
2025-11-06 19:54:31,-0.014867,-0.014867,0
2025-11-06 19:55:31,-0.014355,-0.014867,0
2025-11-06 19:56:31,-0.014867,-0.014491,0
2025-11-06 19:57:31,-0.014491,-0.014491,0
2025-11-06 19:58:31,-0.014491,-0.014491,0
2025-11-06 19:59:31,-0.014491,-0.014491,0
2025-11-06 20:00:31,-0.014491,-0.014491,0
2025-11-06 20:01:31,-0.01405,-0.01405,0
2025-11-06 20:02:31,-0.013588,-0.013588,0
2025-11-06 20:03:31,-0.013532,-0.013532,0
2025-11-06 20:04:31,-0.01344,-0.013532,0
2025-11-06 20:05:31,-0.01344,-0.013532,0
2025-11-06 20:06:31,-0.013532,-0.013532,0
2025-11-06 20:07:31,-0.014192,-0.014192,0
2025-11-06 20:08:31,-0.015095,-0.015095,0
2025-11-06 20:09:31,-0.015095,-0.015095,0
2025-11-06 20:10:31,-0.015249,-0.015095,0
2025-11-06 20:11:31,-0.015285,-0.015249,0
2025-11-06 20:12:31,-0.015095,-0.015285,0
2025-11-06 20:13:31,-0.015285,-0.015285,0
2025-11-06 20:14:31,-0.015513,-0.015513,0
2025-11-06 20:15:31,-0.015892,-0.015892,0
2025-11-06 20:16:31,-0.015972,-0.015972,0
2025-11-06 20:17:31,-0.016061,-0.016061,0
2025-11-06 20:18:31,-0.016141,-0.016141,0
2025-11-06 20:19:31,-0.016366,-0.016366,0
2025-11-06 20:20:31,-0.016366,-0.016366,0
2025-11-06 20:21:31,-0.016366,-0.016366,0
2025-11-06 20:22:31,-0.017056,-0.016991,0
2025-11-06 20:23:31,-0.016991,-0.017056,0
2025-11-06 20:24:31,-0.017314,-0.017314,0
2025-11-06 20:25:31,-0.017364,-0.017364,0
2025-11-06 20:26:31,-0.017832,-0.017832,0
2025-11-06 20:27:31,-0.01785,-0.01785,0
2025-11-06 20:28:31,-0.01801,-0.01801,0
2025-11-06 20:29:31,-0.01801,-0.01801,0
2025-11-06 20:30:31,-0.018164,-0.018164,0
2025-11-06 20:31:31,-0.018273,-0.018273,0
2025-11-06 20:32:31,-0.018546,-0.018546,0
2025-11-06 20:33:31,-0.018546,-0.018546,0
2025-11-06 20:34:31,-0.018632,-0.018632,0
2025-11-06 20:35:31,-0.01939,-0.01939,0
2025-11-06 20:36:31,-0.019532,-0.019532,0
2025-11-06 20:37:31,-0.019559,-0.019559,0
2025-11-06 20:38:31,-0.01963,-0.01963,0
2025-11-06 20:39:31,-0.019686,-0.019686,0
2025-11-06 20:40:31,-0.019686,-0.019686,0
2025-11-06 20:41:31,-0.019911,-0.019911,0
2025-11-06 20:42:31,-0.019911,-0.019911,0
2025-11-06 20:43:31,-0.020089,-0.020089,0
2025-11-06 20:44:31,-0.021152,-0.021152,0
2025-11-06 20:45:31,-0.021152,-0.021152,0
2025-11-06 20:46:31,-0.02117,-0.02117,0
2025-11-06 20:47:31,-0.021208,-0.02119,0
2025-11-06 20:48:31,-0.021208,-0.021208,0
2025-11-06 20:49:31,-0.02119,-0.021208,0
2025-11-06 20:50:31,-0.021685,-0.021685,0
2025-11-06 20:51:31,-0.021685,-0.021685,0
2025-11-06 20:52:31,-0.021735,-0.021685,0
2025-11-06 20:53:31,-0.021614,-0.021735,0
2025-11-06 20:54:31,-0.022017,-0.022017,0
2025-11-06 20:55:31,-0.022088,-0.022088,0
2025-11-06 20:56:31,-0.022283,-0.022283,0
2025-11-06 20:57:31,-0.022354,-0.022354,0
2025-11-06 20:58:31,-0.022606,-0.022606,0
2025-11-06 20:59:31,-0.022606,-0.022606,0
2025-11-06 21:00:31,-0.022606,-0.022606,0
2025-11-06 21:01:31,-0.022606,-0.022606,0
2025-11-06 21:02:31,-0.022606,-0.022606,0
2025-11-06 21:03:31,-0.022574,-0.022606,0
2025-11-06 21:04:31,-0.02295,-0.02295,0
2025-11-06 21:05:31,-0.023042,-0.02295,0
2025-11-06 21:06:31,-0.02295,-0.023042,0
2025-11-06 21:07:31,-0.02313,-0.02313,0
2025-11-06 21:08:31,-0.023586,-0.023586,0
2025-11-06 21:09:31,-0.023924,-0.023586,0
2025-11-06 21:10:31,-0.023586,-0.023586,0
2025-11-06 21:11:31,-0.023586,-0.023586,0
2025-11-06 21:12:31,-0.023477,-0.023477,0
2025-11-06 21:13:31,-0.023477,-0.023477,0
2025-11-06 21:14:31,-0.023477,-0.023477,0
2025-11-06 21:15:31,-0.023477,-0.023477,0
2025-11-06 21:16:31,-0.023477,-0.023477,0
2025-11-06 21:17:31,-0.023903,-0.023477,0
2025-11-06 21:18:31,-0.023412,-0.023477,0
2025-11-06 21:19:31,-0.023412,-0.023492,0
2025-11-06 21:20:31,-0.023492,-0.023492,0
2025-11-06 21:21:31,-0.023696,-0.023696,0
2025-11-06 21:22:31,-0.023696,-0.023696,0
2025-11-06 21:23:31,-0.0243,-0.0243,0
2025-11-06 21:24:31,-0.0243,-0.0243,0
2025-11-06 21:25:31,-0.0243,-0.0243,0
2025-11-06 21:26:31,-0.024078,-0.024078,0
2025-11-06 21:27:31,-0.024078,-0.024078,0
2025-11-06 21:28:31,-0.024078,-0.024078,0
2025-11-06 21:29:31,-0.024134,-0.024134,0
2025-11-06 21:30:31,-0.024134,-0.024134,0
2025-11-06 21:31:31,-0.024143,-0.024143,0
2025-11-06 21:32:31,-0.024143,-0.024143,0
2025-11-06 21:33:31,-0.024235,-0.024235,0
2025-11-06 21:34:31,-0.024235,-0.024235,0
2025-11-06 21:35:31,-0.024516,-0.024516,0
2025-11-06 21:36:31,-0.025044,-0.025044,0
2025-11-06 21:37:31,-0.025254,-0.025254,0
2025-11-06 21:38:31,-0.025254,-0.025254,0
2025-11-06 21:39:31,-0.025254,-0.025254,0
2025-11-06 21:40:31,-0.025254,-0.025254,0
2025-11-06 21:41:31,-0.025494,-0.025331,0
2025-11-06 21:42:31,-0.025494,-0.025331,0
2025-11-06 21:43:31,-0.025331,-0.025331,0
2025-11-06 21:44:31,-0.025331,-0.025331,0
2025-11-06 21:45:31,-0.025331,-0.025331,0
2025-11-06 21:46:31,-0.025331,-0.025331,0
2025-11-06 21:47:31,-0.025331,-0.025331,0
2025-11-06 21:48:31,-0.025491,-0.025491,0
2025-11-06 21:49:31,-0.025867,-0.025867,0
2025-11-06 21:50:31,-0.025867,-0.025867,0
2025-11-06 21:51:31,-0.02587,-0.025867,0
2025-11-06 21:52:31,-0.02587,-0.02587,0
2025-11-06 21:53:31,-0.025867,-0.02587,0
2025-11-06 21:54:31,-0.025926,-0.025926,0
2025-11-06 21:55:31,-0.02608,-0.025926,0
2025-11-06 21:56:31,-0.025926,-0.02608,0
2025-11-06 21:57:31,-0.02608,-0.02608,0
2025-11-06 21:58:31,-0.02608,-0.026012,0
2025-11-06 21:59:31,-0.026012,-0.02608,0
2025-11-06 22:00:31,-0.026012,-0.026012,0
2025-11-06 22:01:31,-0.02651,-0.026012,0
2025-11-06 22:02:31,-0.026012,-0.026012,0
2025-11-06 22:03:31,-0.02592,-0.026136,0
2025-11-06 22:04:31,-0.026151,-0.026136,0
2025-11-06 22:05:31,-0.026136,-0.026136,0
2025-11-06 22:06:31,-0.026136,-0.026151,0
2025-11-06 22:07:31,-0.026151,-0.026136,0
2025-11-06 22:08:31,-0.026151,-0.026151,0
2025-11-06 22:09:31,-0.026136,-0.026151,0
2025-11-06 22:10:31,-0.026181,-0.026136,0
2025-11-06 22:11:31,-0.026113,-0.026113,0
2025-11-06 22:12:31,-0.026113,-0.026113,0
2025-11-06 22:13:31,-0.026113,-0.026113,0
2025-11-06 22:14:31,-0.025283,-0.025283,0
2025-11-06 22:15:31,-0.025283,-0.025283,0
2025-11-06 22:16:31,-0.025186,-0.025283,0
2025-11-06 22:17:31,-0.025186,-0.025283,0
2025-11-06 22:18:31,-0.025932,-0.025932,0
2025-11-06 22:19:31,-0.026113,-0.026113,0
2025-11-06 22:20:31,-0.026119,-0.026119,0
2025-11-06 22:21:31,-0.026276,-0.026276,0
2025-11-06 22:22:31,-0.026362,-0.026362,0
2025-11-06 22:23:31,-0.026362,-0.026362,0
2025-11-06 22:24:31,-0.026362,-0.026362,0
2025-11-06 22:25:31,-0.026441,-0.026424,0
2025-11-06 22:26:31,-0.026441,-0.026441,0
2025-11-06 22:27:31,-0.026424,-0.026441,0
2025-11-06 22:28:31,-0.026441,-0.026424,0
2025-11-06 22:29:31,-0.026424,-0.026424,0
2025-11-06 22:30:31,-0.026424,-0.026424,0
2025-11-06 22:31:31,-0.026424,-0.026424,0
2025-11-06 22:32:31,-0.026453,-0.026424,0
2025-11-06 22:33:31,-0.026273,-0.026424,0
2025-11-06 22:34:31,-0.026453,-0.026415,0
2025-11-06 22:35:31,-0.026273,-0.026415,0
2025-11-06 22:36:31,-0.026415,-0.026415,0
2025-11-06 22:37:31,-0.026415,-0.026415,0
2025-11-06 22:38:31,-0.026415,-0.026415,0
2025-11-06 22:39:31,-0.025979,-0.026415,0
2025-11-06 22:40:31,-0.026415,-0.026415,0
2025-11-06 22:41:31,-0.026741,-0.026741,0
2025-11-06 22:42:31,-0.026741,-0.026741,0
2025-11-06 22:43:31,-0.026764,-0.026764,0
2025-11-06 22:44:31,-0.026764,-0.026764,0
2025-11-06 22:45:31,-0.026921,-0.026847,0
2025-11-06 22:46:31,-0.026847,-0.026847,0
2025-11-06 22:47:31,-0.026921,-0.026847,0
2025-11-06 22:48:31,-0.026847,-0.026847,0
2025-11-06 22:49:31,-0.026847,-0.026847,0
2025-11-06 22:50:31,-0.026711,-0.026711,0
2025-11-06 22:51:31,-0.026433,-0.026711,0
2025-11-06 22:52:31,-0.026433,-0.026711,0
2025-11-06 22:53:31,-0.026711,-0.026711,0
2025-11-06 22:54:31,-0.027152,-0.027152,0
2025-11-06 22:55:31,-0.027152,-0.027152,0
2025-11-06 22:56:31,-0.027173,-0.027152,0
2025-11-06 22:57:31,-0.027226,-0.027152,0
2025-11-06 22:58:31,-0.027152,-0.027152,0
2025-11-06 22:59:31,-0.026933,-0.026933,0
2025-11-06 23:00:31,-0.026933,-0.026933,0
2025-11-06 23:01:31,-0.026933,-0.026933,0
2025-11-06 23:02:31,-0.02672,-0.026933,0
2025-11-06 23:03:31,-0.026933,-0.026933,0
2025-11-06 23:04:31,-0.02672,-0.026841,0
2025-11-06 23:05:31,-0.027203,-0.026933,0
2025-11-06 23:06:31,-0.026841,-0.026841,0
2025-11-06 23:07:31,-0.027203,-0.026903,0
2025-11-06 23:08:31,-0.026841,-0.026903,0
2025-11-06 23:09:31,-0.026903,-0.026903,0
2025-11-06 23:10:31,-0.026903,-0.026903,0
2025-11-06 23:11:31,-0.027561,-0.027247,0
2025-11-06 23:12:31,-0.027247,-0.027561,0
2025-11-06 23:13:31,-0.027561,-0.027561,0
2025-11-06 23:14:31,-0.027561,-0.027502,0
2025-11-06 23:15:31,-0.027502,-0.027502,0
2025-11-06 23:16:31,-0.027271,-0.027271,0
2025-11-06 23:17:31,-0.027271,-0.027271,0
2025-11-06 23:18:31,-0.027271,-0.027271,0
2025-11-06 23:19:31,-0.027342,-0.027342,0
2025-11-06 23:20:31,-0.027342,-0.027342,0
2025-11-06 23:21:31,-0.027354,-0.027354,0
2025-11-06 23:22:31,-0.027416,-0.027416,0
2025-11-06 23:23:31,-0.027531,-0.027531,0
2025-11-06 23:24:31,-0.027721,-0.027721,0
2025-11-06 23:25:31,-0.027739,-0.027739,0
2025-11-06 23:26:31,-0.027899,-0.027765,0
2025-11-06 23:27:31,-0.027899,-0.027765,0
2025-11-06 23:28:31,-0.027765,-0.027765,0
2025-11-06 23:29:31,-0.027765,-0.027765,0
2025-11-06 23:30:31,-0.027765,-0.027765,0
2025-11-06 23:31:31,-0.027697,-0.027765,0
2025-11-06 23:32:31,-0.027765,-0.027721,0
2025-11-06 23:33:31,-0.027647,-0.027721,0
2025-11-06 23:34:31,-0.027721,-0.027721,0
2025-11-06 23:35:31,-0.027721,-0.027721,0
2025-11-06 23:36:31,-0.027751,-0.027751,0
2025-11-06 23:37:31,-0.027751,-0.027751,0
2025-11-06 23:38:31,-0.028118,-0.028118,0
2025-11-06 23:39:31,-0.028257,-0.028118,0
2025-11-06 23:40:31,-0.028257,-0.028118,0
2025-11-06 23:41:31,-0.028118,-0.028204,0
2025-11-06 23:42:31,-0.028118,-0.028204,0
2025-11-06 23:43:31,-0.028204,-0.028204,0
2025-11-06 23:44:31,-0.028204,-0.028204,0
2025-11-06 23:45:31,-0.02847,-0.02847,0
2025-11-06 23:46:31,-0.02847,-0.02847,0
2025-11-06 23:47:31,-0.02847,-0.02847,0
2025-11-06 23:48:31,-0.02847,-0.02847,0
2025-11-06 23:49:31,-0.028349,-0.028349,0
2025-11-06 23:50:31,-0.028254,-0.028254,0
2025-11-06 23:51:31,-0.028254,-0.028254,0
2025-11-06 23:52:31,-0.028254,-0.028254,0
2025-11-06 23:53:31,-0.028233,-0.028233,0
2025-11-06 23:54:31,-0.028233,-0.028233,0
2025-11-06 23:55:31,-0.028233,-0.028233,0
2025-11-06 23:56:31,-0.028287,-0.028287,0
2025-11-06 23:57:31,-0.028402,-0.028402,0
2025-11-06 23:58:31,-0.028464,-0.028464,0
2025-11-06 23:59:31,-0.028503,-0.028464,0
2025-11-07 00:00:31,-0.028503,-0.028464,0
2025-11-07 00:01:31,-0.028464,-0.028464,0
2025-11-07 00:02:31,-0.028464,-0.028464,0
2025-11-07 00:03:31,-0.028441,-0.028441,0
2025-11-07 00:04:31,-0.028432,-0.028441,0
2025-11-07 00:05:31,-0.028432,-0.028441,0
2025-11-07 00:06:31,-0.028441,-0.028441,0
2025-11-07 00:07:31,-0.028441,-0.028441,0
2025-11-07 00:08:31,-0.028873,-0.028873,0
2025-11-07 00:09:31,-0.028873,-0.028873,0
2025-11-07 00:10:31,-0.029048,-0.028873,0
2025-11-07 00:11:31,-0.028873,-0.028873,0
2025-11-07 00:12:31,-0.028778,-0.028778,0
2025-11-07 00:13:31,-0.028663,-0.028663,0
2025-11-07 00:14:31,-0.028663,-0.028663,0
2025-11-07 00:15:31,-0.028663,-0.028663,0
2025-11-07 00:16:31,-0.028663,-0.028663,0
2025-11-07 00:17:31,-0.028974,-0.028974,0
2025-11-07 00:18:31,-0.028974,-0.028974,0
2025-11-07 00:19:31,-0.028974,-0.028974,0
2025-11-07 00:20:31,-0.028503,-0.028707,0
2025-11-07 00:21:31,-0.028707,-0.028707,0
2025-11-07 00:22:31,-0.028707,-0.028707,0
2025-11-07 00:23:31,-0.028707,-0.028707,0
2025-11-07 00:24:31,-0.028707,-0.028707,0
2025-11-07 00:25:31,-0.028707,-0.028707,0
2025-11-07 00:26:31,-0.028713,-0.028713,0
2025-11-07 00:27:31,-0.028935,-0.028935,0
2025-11-07 00:28:31,-0.029042,-0.029042,0
2025-11-07 00:29:31,-0.029042,-0.029042,0
2025-11-07 00:30:31,-0.029042,-0.029042,0
2025-11-07 00:31:31,-0.028986,-0.028986,0
2025-11-07 00:32:31,-0.028778,-0.028778,0
2025-11-07 00:33:31,-0.02858,-0.02858,0
2025-11-07 00:34:31,-0.028538,-0.02858,0
2025-11-07 00:35:31,-0.02858,-0.02858,0
2025-11-07 00:36:31,-0.028538,-0.02858,0
2025-11-07 00:37:31,-0.02858,-0.02858,0
2025-11-07 00:38:31,-0.028885,-0.028885,0
2025-11-07 00:39:31,-0.028906,-0.028906,0
2025-11-07 00:40:31,-0.028906,-0.028906,0
2025-11-07 00:41:31,-0.028906,-0.028906,0
2025-11-07 00:42:31,-0.028781,-0.028781,0
2025-11-07 00:43:31,-0.028755,-0.028781,0
2025-11-07 00:44:31,-0.028755,-0.028781,0
2025-11-07 00:45:31,-0.028781,-0.028781,0
2025-11-07 00:46:31,-0.029246,-0.029246,0
2025-11-07 00:47:31,-0.029246,-0.029246,0
2025-11-07 00:48:31,-0.029267,-0.029267,0
2025-11-07 00:49:31,-0.029267,-0.029267,0
2025-11-07 00:50:31,-0.029267,-0.029267,0
2025-11-07 00:51:31,-0.029317,-0.029317,0
2025-11-07 00:52:31,-0.029317,-0.029317,0
2025-11-07 00:53:31,-0.029918,-0.029368,0
2025-11-07 00:54:31,-0.029918,-0.029368,0
2025-11-07 00:55:31,-0.029368,-0.029471,0
2025-11-07 00:56:31,-0.029368,-0.029471,0
2025-11-07 00:57:31,-0.029471,-0.029471,0
2025-11-07 00:58:31,-0.029471,-0.029471,0
2025-11-07 00:59:31,-0.029471,-0.029471,0
2025-11-07 01:00:31,-0.029533,-0.029533,0
2025-11-07 01:01:31,-0.029699,-0.029533,0
2025-11-07 01:02:31,-0.02969,-0.029536,0
2025-11-07 01:03:31,-0.029533,-0.029536,0
2025-11-07 01:04:31,-0.029536,-0.029536,0
2025-11-07 01:05:31,-0.029536,-0.029536,0
2025-11-07 01:06:31,-0.029536,-0.029536,0
2025-11-07 01:07:31,-0.029225,-0.029536,0
2025-11-07 01:08:31,-0.029536,-0.029536,0
2025-11-07 01:09:31,-0.029649,-0.029649,0
2025-11-07 01:10:31,-0.029649,-0.029649,0
2025-11-07 01:11:31,-0.029649,-0.029649,0
2025-11-07 01:12:31,-0.029773,-0.029773,0
2025-11-07 01:13:31,-0.029898,-0.029898,0
2025-11-07 01:14:31,-0.030087,-0.030087,0
2025-11-07 01:15:31,-0.030087,-0.030087,0
2025-11-07 01:16:31,-0.030087,-0.030087,0
2025-11-07 01:17:31,-0.029984,-0.029984,0
2025-11-07 01:18:31,-0.029933,-0.029933,0
2025-11-07 01:19:31,-0.029898,-0.029933,0
2025-11-07 01:20:31,-0.029933,-0.029933,0
2025-11-07 01:21:31,-0.029984,-0.029933,0
2025-11-07 01:22:31,-0.029933,-0.029984,0
2025-11-07 01:23:31,-0.030123,-0.030123,0
2025-11-07 01:24:31,-0.030126,-0.030126,0
2025-11-07 01:25:31,-0.030129,-0.030129,0
2025-11-07 01:26:31,-0.030209,-0.030209,0
2025-11-07 01:27:31,-0.030218,-0.030218,0
2025-11-07 01:28:31,-0.03025,-0.030218,0
2025-11-07 01:29:31,-0.03025,-0.030218,0
2025-11-07 01:30:31,-0.030218,-0.030218,0
2025-11-07 01:31:31,-0.030138,-0.030138,0
2025-11-07 01:32:31,-0.030138,-0.030138,0
2025-11-07 01:33:31,-0.029984,-0.030138,0
2025-11-07 01:34:31,-0.029984,-0.030138,0
2025-11-07 01:35:31,-0.030235,-0.030235,0
2025-11-07 01:36:31,-0.030241,-0.030241,0
2025-11-07 01:37:31,-0.030241,-0.030241,0
2025-11-07 01:38:31,-0.030543,-0.030543,0
2025-11-07 01:39:31,-0.030543,-0.030543,0
2025-11-07 01:40:31,-0.030543,-0.030543,0
2025-11-07 01:41:31,-0.030543,-0.030543,0
2025-11-07 01:42:31,-0.030502,-0.030543,0
2025-11-07 01:43:31,-0.030502,-0.030543,0
2025-11-07 01:44:31,-0.030831,-0.030691,0
2025-11-07 01:45:31,-0.030691,-0.030691,0
2025-11-07 01:46:31,-0.030691,-0.030831,0
2025-11-07 01:47:31,-0.030831,-0.030762,0
2025-11-07 01:48:31,-0.030831,-0.030831,0
2025-11-07 01:49:31,-0.030762,-0.030831,0
2025-11-07 01:50:31,-0.030967,-0.030967,0
2025-11-07 01:51:31,-0.030999,-0.030999,0
2025-11-07 01:52:31,-0.031278,-0.031278,0
2025-11-07 01:53:31,-0.031278,-0.031278,0
2025-11-07 01:54:31,-0.031476,-0.031278,0
2025-11-07 01:55:31,-0.031278,-0.031278,0
2025-11-07 01:56:31,-0.031112,-0.031112,0
2025-11-07 01:57:31,-0.030857,-0.030857,0
2025-11-07 01:58:31,-0.030857,-0.030857,0
2025-11-07 01:59:31,-0.030857,-0.030857,0
2025-11-07 02:00:31,-0.03142,-0.03142,0
2025-11-07 02:01:31,-0.03142,-0.03142,0
2025-11-07 02:02:31,-0.03142,-0.03142,0
2025-11-07 02:03:31,-0.031304,-0.031304,0
2025-11-07 02:04:31,-0.031304,-0.031304,0
2025-11-07 02:05:31,-0.030828,-0.031304,0
2025-11-07 02:06:31,-0.031304,-0.031304,0
2025-11-07 02:07:31,-0.031482,-0.031482,0
2025-11-07 02:08:31,-0.031512,-0.031482,0
2025-11-07 02:09:31,-0.031482,-0.031482,0
2025-11-07 02:10:31,-0.031482,-0.031482,0
2025-11-07 02:11:31,-0.031189,-0.031189,0
2025-11-07 02:12:31,-0.031189,-0.031189,0
2025-11-07 02:13:31,-0.031189,-0.031189,0
2025-11-07 02:14:31,-0.031355,-0.031355,0
2025-11-07 02:15:31,-0.031381,-0.031381,0
2025-11-07 02:16:31,-0.031562,-0.031562,0
2025-11-07 02:17:31,-0.031781,-0.031781,0
2025-11-07 02:18:31,-0.031858,-0.031781,0
2025-11-07 02:19:31,-0.031781,-0.03179,0
2025-11-07 02:20:31,-0.03179,-0.031858,0
2025-11-07 02:21:31,-0.031858,-0.03179,0
2025-11-07 02:22:31,-0.031858,-0.03179,0
2025-11-07 02:23:31,-0.03179,-0.03179,0
2025-11-07 02:24:31,-0.03179,-0.03179,0
2025-11-07 02:25:31,-0.031669,-0.031669,0
2025-11-07 02:26:31,-0.031346,-0.031346,0
2025-11-07 02:27:31,-0.031346,-0.031346,0
2025-11-07 02:28:31,-0.031346,-0.031346,0
2025-11-07 02:29:31,-0.031346,-0.031346,0
2025-11-07 02:30:31,-0.031541,-0.031541,0
2025-11-07 02:31:31,-0.031541,-0.031541,0
2025-11-07 02:32:31,-0.031541,-0.031541,0
2025-11-07 02:33:31,-0.031506,-0.031541,0
2025-11-07 02:34:31,-0.031876,-0.031876,0
2025-11-07 02:35:31,-0.031876,-0.031876,0
2025-11-07 02:36:31,-0.031876,-0.031876,0
2025-11-07 02:37:31,-0.031719,-0.031876,0
2025-11-07 02:38:31,-0.031971,-0.031719,0
2025-11-07 02:39:31,-0.031719,-0.031719,0
2025-11-07 02:40:31,-0.031719,-0.031953,0
2025-11-07 02:41:31,-0.031953,-0.031953,0
2025-11-07 02:42:31,-0.031971,-0.031971,0
2025-11-07 02:43:31,-0.032285,-0.032003,0
2025-11-07 02:44:31,-0.032285,-0.032003,0
2025-11-07 02:45:31,-0.032003,-0.032003,0
2025-11-07 02:46:31,-0.032003,-0.032003,0
2025-11-07 02:47:31,-0.032003,-0.032003,0
2025-11-07 02:48:31,-0.031755,-0.032003,0
2025-11-07 02:49:31,-0.032003,-0.032003,0
2025-11-07 02:50:31,-0.031755,-0.032003,0
2025-11-07 02:51:31,-0.032489,-0.032489,0
2025-11-07 02:52:31,-0.032489,-0.032489,0
2025-11-07 02:53:31,-0.032519,-0.032519,0
2025-11-07 02:54:31,-0.032519,-0.032519,0
2025-11-07 02:55:31,-0.032634,-0.032519,0
2025-11-07 02:56:31,-0.032519,-0.032519,0
2025-11-07 02:57:31,-0.032483,-0.032483,0
2025-11-07 02:58:31,-0.032483,-0.032483,0
2025-11-07 02:59:31,-0.032294,-0.032294,0
2025-11-07 03:00:31,-0.032291,-0.032291,0
2025-11-07 03:01:31,-0.032291,-0.032291,0
2025-11-07 03:02:31,-0.032291,-0.032291,0
2025-11-07 03:03:31,-0.032137,-0.032137,0
2025-11-07 03:04:31,-0.032137,-0.032137,0
2025-11-07 03:05:31,-0.032137,-0.032137,0
2025-11-07 03:06:31,-0.032137,-0.032137,0
2025-11-07 03:07:31,-0.032137,-0.032137,0
2025-11-07 03:08:31,-0.032468,-0.032137,0
2025-11-07 03:09:31,-0.03211,-0.03211,0
2025-11-07 03:10:31,-0.031992,-0.031992,0
2025-11-07 03:11:31,-0.031986,-0.031986,0
2025-11-07 03:12:31,-0.031986,-0.031986,0
2025-11-07 03:13:31,-0.031867,-0.031867,0
2025-11-07 03:14:31,-0.031867,-0.031867,0
2025-11-07 03:15:31,-0.031867,-0.031867,0
2025-11-07 03:16:31,-0.032149,-0.032149,0
2025-11-07 03:17:31,-0.032149,-0.032149,0
2025-11-07 03:18:31,-0.0324,-0.032149,0
2025-11-07 03:19:31,-0.032149,-0.032149,0
2025-11-07 03:20:31,-0.031772,-0.031926,0
2025-11-07 03:21:31,-0.031772,-0.031926,0
2025-11-07 03:22:31,-0.031926,-0.031926,0
2025-11-07 03:23:31,-0.031926,-0.031926,0
2025-11-07 03:24:31,-0.031983,-0.031983,0
2025-11-07 03:25:31,-0.032039,-0.032039,0
2025-11-07 03:26:31,-0.032267,-0.032267,0
2025-11-07 03:27:31,-0.032522,-0.032522,0
2025-11-07 03:28:31,-0.032522,-0.032522,0
2025-11-07 03:29:31,-0.032522,-0.032522,0
2025-11-07 03:30:31,-0.032442,-0.032442,0
2025-11-07 03:31:31,-0.031746,-0.032226,0
2025-11-07 03:32:31,-0.031746,-0.031746,0
2025-11-07 03:33:31,-0.032226,-0.031746,0
2025-11-07 03:34:31,-0.031746,-0.032226,0
2025-11-07 03:35:31,-0.032226,-0.032226,0
2025-11-07 03:36:31,-0.032226,-0.031965,0
2025-11-07 03:37:31,-0.031965,-0.031965,0
2025-11-07 03:38:31,-0.031965,-0.031965,0
2025-11-07 03:39:31,-0.031965,-0.031965,0
2025-11-07 03:40:31,-0.031944,-0.031965,0
2025-11-07 03:41:31,-0.031965,-0.031965,0
2025-11-07 03:42:31,-0.032415,-0.032415,0
2025-11-07 03:43:31,-0.032415,-0.032415,0
2025-11-07 03:44:31,-0.032415,-0.032415,0
2025-11-07 03:45:31,-0.032454,-0.032454,0
2025-11-07 03:46:31,-0.032501,-0.032454,0
2025-11-07 03:47:31,-0.032457,-0.032454,0
2025-11-07 03:48:31,-0.032454,-0.032457,0
2025-11-07 03:49:31,-0.032454,-0.032457,0
2025-11-07 03:50:31,-0.032457,-0.032457,0
2025-11-07 03:51:31,-0.032457,-0.032457,0
2025-11-07 03:52:31,-0.032501,-0.032501,0
2025-11-07 03:53:31,-0.032501,-0.032501,0
2025-11-07 03:54:31,-0.032797,-0.032501,0
2025-11-07 03:55:31,-0.032815,-0.032501,0
2025-11-07 03:56:31,-0.032501,-0.032797,0
2025-11-07 03:57:31,-0.032163,-0.032815,0
2025-11-07 03:58:31,-0.032972,-0.032972,0
2025-11-07 03:59:31,-0.032972,-0.032972,0
2025-11-07 04:00:31,-0.032972,-0.032972,0
2025-11-07 04:01:31,-0.032972,-0.032972,0
2025-11-07 04:02:31,-0.03304,-0.032972,0
2025-11-07 04:03:31,-0.032972,-0.03304,0
2025-11-07 04:04:31,-0.03304,-0.03304,0
2025-11-07 04:05:31,-0.033179,-0.033179,0
2025-11-07 04:06:31,-0.033179,-0.033179,0
2025-11-07 04:07:31,-0.033387,-0.033179,0
2025-11-07 04:08:31,-0.033387,-0.033179,0
2025-11-07 04:09:31,-0.033117,-0.033117,0
2025-11-07 04:10:31,-0.032853,-0.033117,0
2025-11-07 04:11:31,-0.033117,-0.032853,0
2025-11-07 04:12:31,-0.032853,-0.032853,0
2025-11-07 04:13:31,-0.032557,-0.032853,0
2025-11-07 04:14:31,-0.032557,-0.032776,0
2025-11-07 04:15:31,-0.033126,-0.032776,0
2025-11-07 04:16:31,-0.032776,-0.032776,0
2025-11-07 04:17:31,-0.032776,-0.033126,0
2025-11-07 04:18:31,-0.033126,-0.032776,0
2025-11-07 04:19:31,-0.033126,-0.032779,0
2025-11-07 04:20:31,-0.032776,-0.032779,0
2025-11-07 04:21:31,-0.032779,-0.032779,0
2025-11-07 04:22:31,-0.032779,-0.032779,0
2025-11-07 04:23:31,-0.032779,-0.032779,0
2025-11-07 04:24:31,-0.032779,-0.032779,0
2025-11-07 04:25:31,-0.033262,-0.033262,0
2025-11-07 04:26:31,-0.033262,-0.033262,0
2025-11-07 04:27:31,-0.033262,-0.033262,0
2025-11-07 04:28:31,-0.03304,-0.03304,0
2025-11-07 04:29:31,-0.03304,-0.03304,0
2025-11-07 04:30:31,-0.03304,-0.03304,0
2025-11-07 04:31:31,-0.03304,-0.03304,0
2025-11-07 04:32:31,-0.033407,-0.033407,0
2025-11-07 04:33:31,-0.033413,-0.033407,0
2025-11-07 04:34:31,-0.033552,-0.033407,0
2025-11-07 04:35:31,-0.033407,-0.033407,0
2025-11-07 04:36:31,-0.033407,-0.033407,0
2025-11-07 04:37:31,-0.033363,-0.033363,0
2025-11-07 04:38:31,-0.033138,-0.033138,0
2025-11-07 04:39:31,-0.032883,-0.033138,0
2025-11-07 04:40:31,-0.032883,-0.033138,0
2025-11-07 04:41:31,-0.033138,-0.033138,0
2025-11-07 04:42:31,-0.033138,-0.033138,0
2025-11-07 04:43:31,-0.033345,-0.033345,0
2025-11-07 04:44:31,-0.033366,-0.033345,0
2025-11-07 04:45:31,-0.033345,-0.033366,0
2025-11-07 04:46:31,-0.0336,-0.033366,0
2025-11-07 04:47:31,-0.0336,-0.033345,0
2025-11-07 04:48:31,-0.033292,-0.033292,0
2025-11-07 04:49:31,-0.033292,-0.033292,0
2025-11-07 04:50:31,-0.033292,-0.033292,0
2025-11-07 04:51:31,-0.033292,-0.033292,0
2025-11-07 04:52:31,-0.033292,-0.033292,0
2025-11-07 04:53:31,-0.033274,-0.033292,0
2025-11-07 04:54:31,-0.033274,-0.033274,0
2025-11-07 04:55:31,-0.033384,-0.033274,0
2025-11-07 04:56:31,-0.033268,-0.033268,0
2025-11-07 04:57:31,-0.033268,-0.033268,0
2025-11-07 04:58:31,-0.033268,-0.033268,0
2025-11-07 04:59:31,-0.033268,-0.033268,0
2025-11-07 05:00:31,-0.033268,-0.033268,0
2025-11-07 05:01:31,-0.033567,-0.033567,0
2025-11-07 05:02:31,-0.033567,-0.033567,0
2025-11-07 05:03:31,-0.033641,-0.033641,0
2025-11-07 05:04:31,-0.034195,-0.034195,0
2025-11-07 05:05:31,-0.034195,-0.034195,0
2025-11-07 05:06:31,-0.034195,-0.034195,0
2025-11-07 05:07:31,-0.034195,-0.034195,0
2025-11-07 05:08:31,-0.034195,-0.034195,0
2025-11-07 05:09:31,-0.034008,-0.034088,0
2025-11-07 05:10:31,-0.034088,-0.034088,0
2025-11-07 05:11:31,-0.034088,-0.034088,0
2025-11-07 05:12:31,-0.034088,-0.034088,0
2025-11-07 05:13:31,-0.033748,-0.034088,0
2025-11-07 05:14:31,-0.034088,-0.033748,0
2025-11-07 05:15:31,-0.033748,-0.033748,0
2025-11-07 05:16:31,-0.033632,-0.033748,0
2025-11-07 05:17:31,-0.033748,-0.033748,0
2025-11-07 05:18:31,-0.034154,-0.033632,0
2025-11-07 05:19:31,-0.033632,-0.033748,0
2025-11-07 05:20:31,-0.033632,-0.033632,0
2025-11-07 05:21:31,-0.033766,-0.033632,0
2025-11-07 05:22:31,-0.033434,-0.033541,0
2025-11-07 05:23:31,-0.033434,-0.033541,0
2025-11-07 05:24:31,-0.033541,-0.033541,0
2025-11-07 05:25:31,-0.033766,-0.033541,0
2025-11-07 05:26:31,-0.033541,-0.033766,0
2025-11-07 05:27:31,-0.033837,-0.033766,0
2025-11-07 05:28:31,-0.033837,-0.033632,0
2025-11-07 05:29:31,-0.033632,-0.033632,0
2025-11-07 05:30:31,-0.033523,-0.033632,0
2025-11-07 05:31:31,-0.033632,-0.033632,0
2025-11-07 05:32:31,-0.033632,-0.033632,0
2025-11-07 05:33:31,-0.033632,-0.033632,0
2025-11-07 05:34:31,-0.033404,-0.033632,0
2025-11-07 05:35:31,-0.033789,-0.033789,0
2025-11-07 05:36:31,-0.033896,-0.033896,0
2025-11-07 05:37:31,-0.033896,-0.033896,0
2025-11-07 05:38:31,-0.033896,-0.033896,0
2025-11-07 05:39:31,-0.034077,-0.033896,0
2025-11-07 05:40:31,-0.033896,-0.033896,0
2025-11-07 05:41:31,-0.034133,-0.033902,0
2025-11-07 05:42:31,-0.033846,-0.033896,0
2025-11-07 05:43:31,-0.033902,-0.033846,0
2025-11-07 05:44:31,-0.033846,-0.033846,0
2025-11-07 05:45:31,-0.033706,-0.033846,0
2025-11-07 05:46:31,-0.033706,-0.033846,0
2025-11-07 05:47:31,-0.033902,-0.033902,0
2025-11-07 05:48:31,-0.034337,-0.034337,0
2025-11-07 05:49:31,-0.03445,-0.03445,0
2025-11-07 05:50:31,-0.03445,-0.03445,0
2025-11-07 05:51:31,-0.034577,-0.03445,0
2025-11-07 05:52:31,-0.034577,-0.03445,0
2025-11-07 05:53:31,-0.03445,-0.034577,0
2025-11-07 05:54:31,-0.033937,-0.03445,0
2025-11-07 05:55:31,-0.034577,-0.033937,0
2025-11-07 05:56:31,-0.033937,-0.033937,0
2025-11-07 05:57:31,-0.033869,-0.033869,0
2025-11-07 05:58:31,-0.033869,-0.033869,0
2025-11-07 05:59:31,-0.033863,-0.033863,0
2025-11-07 06:00:31,-0.033831,-0.033831,0
2025-11-07 06:01:31,-0.033689,-0.033689,0
2025-11-07 06:02:31,-0.033689,-0.033689,0
2025-11-07 06:03:31,-0.033689,-0.033689,0
2025-11-07 06:04:31,-0.033689,-0.033689,0
2025-11-07 06:05:31,-0.033733,-0.033733,0
2025-11-07 06:06:31,-0.033976,-0.033976,0
2025-11-07 06:07:31,-0.034583,-0.034159,0
2025-11-07 06:08:31,-0.034583,-0.034379,0
2025-11-07 06:09:31,-0.034159,-0.034379,0
2025-11-07 06:10:31,-0.034379,-0.034159,0
2025-11-07 06:11:31,-0.034159,-0.034159,0
2025-11-07 06:12:31,-0.033976,-0.033976,0
2025-11-07 06:13:31,-0.033976,-0.033976,0
2025-11-07 06:14:31,-0.033703,-0.033703,0
2025-11-07 06:15:31,-0.033404,-0.033703,0
2025-11-07 06:16:31,-0.033703,-0.033404,0
2025-11-07 06:17:31,-0.033286,-0.033404,0
2025-11-07 06:18:31,-0.033286,-0.033703,0
2025-11-07 06:19:31,-0.034207,-0.034207,0
2025-11-07 06:20:31,-0.034219,-0.034219,0
2025-11-07 06:21:31,-0.034272,-0.034272,0
2025-11-07 06:22:31,-0.034272,-0.034272,0
2025-11-07 06:23:31,-0.034272,-0.034272,0
2025-11-07 06:24:31,-0.03394,-0.03394,0
2025-11-07 06:25:31,-0.033697,-0.033697,0
2025-11-07 06:26:31,-0.033061,-0.033061,0
2025-11-07 06:27:31,-0.032975,-0.032975,0
2025-11-07 06:28:31,-0.032954,-0.032954,0
2025-11-07 06:29:31,-0.031968,-0.031968,0
2025-11-07 06:30:31,-0.031707,-0.031707,0
2025-11-07 06:31:31,-0.031707,-0.031707,0
2025-11-07 06:32:31,-0.031707,-0.031707,0
2025-11-07 06:33:31,-0.031559,-0.031707,0
2025-11-07 06:34:31,-0.031832,-0.031832,0
2025-11-07 06:35:31,-0.031912,-0.031912,0
2025-11-07 06:36:31,-0.032528,-0.032528,0
2025-11-07 06:37:31,-0.032714,-0.032714,0
2025-11-07 06:38:31,-0.032788,-0.032714,0
2025-11-07 06:39:31,-0.032788,-0.032714,0
2025-11-07 06:40:31,-0.032528,-0.032537,0
2025-11-07 06:41:31,-0.032537,-0.032528,0
2025-11-07 06:42:31,-0.032199,-0.032199,0
2025-11-07 06:43:31,-0.031858,-0.031858,0
2025-11-07 06:44:31,-0.031627,-0.031627,0
2025-11-07 06:45:31,-0.031553,-0.031553,0
2025-11-07 06:46:31,-0.031186,-0.031186,0
2025-11-07 06:47:31,-0.03049,-0.03049,0
2025-11-07 06:48:31,-0.030241,-0.030241,0
2025-11-07 06:49:31,-0.030069,-0.030069,0
2025-11-07 06:50:31,-0.02972,-0.02972,0
2025-11-07 06:51:31,-0.029554,-0.029554,0
2025-11-07 06:52:31,-0.029498,-0.029498,0
2025-11-07 06:53:31,-0.029193,-0.029193,0
2025-11-07 06:54:31,-0.028953,-0.028953,0
2025-11-07 06:55:31,-0.028953,-0.028953,0
2025-11-07 06:56:31,-0.028799,-0.028799,0
2025-11-07 06:57:31,-0.028793,-0.028793,0
2025-11-07 06:58:31,-0.028133,-0.028133,0
2025-11-07 06:59:31,-0.027982,-0.027982,0
2025-11-07 07:00:31,-0.027982,-0.027982,0
2025-11-07 07:01:31,-0.027982,-0.027982,0
2025-11-07 07:02:31,-0.027872,-0.027872,0
2025-11-07 07:03:31,-0.027484,-0.027484,0
2025-11-07 07:04:31,-0.026883,-0.026883,0
2025-11-07 07:05:31,-0.026838,-0.026838,0
2025-11-07 07:06:31,-0.026527,-0.026838,0
2025-11-07 07:07:31,-0.026838,-0.026527,0
2025-11-07 07:08:31,-0.026527,-0.026527,0
2025-11-07 07:09:31,-0.026427,-0.026427,0
2025-11-07 07:10:31,-0.025814,-0.025814,0
2025-11-07 07:11:31,-0.025186,-0.025186,0
2025-11-07 07:12:31,-0.02481,-0.02481,0
2025-11-07 07:13:31,-0.024659,-0.024659,0
2025-11-07 07:14:31,-0.024131,-0.024131,0
2025-11-07 07:15:31,-0.024131,-0.024131,0
2025-11-07 07:16:31,-0.024037,-0.024131,0
2025-11-07 07:17:31,-0.024037,-0.024131,0
2025-11-07 07:18:31,-0.024197,-0.024037,0
2025-11-07 07:19:31,-0.024197,-0.024037,0
2025-11-07 07:20:31,-0.023601,-0.023601,0
2025-11-07 07:21:31,-0.023583,-0.023583,0
2025-11-07 07:22:31,-0.023166,-0.023166,0
2025-11-07 07:23:31,-0.023139,-0.023139,0
2025-11-07 07:24:31,-0.023119,-0.023119,0
2025-11-07 07:25:31,-0.023119,-0.023119,0
2025-11-07 07:26:31,-0.023119,-0.023119,0
2025-11-07 07:27:31,-0.023119,-0.023119,0
2025-11-07 07:28:31,-0.022982,-0.02305,0
2025-11-07 07:29:31,-0.022982,-0.022982,0
2025-11-07 07:30:31,-0.02305,-0.022982,0
2025-11-07 07:31:31,-0.022982,-0.022982,0
2025-11-07 07:32:31,-0.022982,-0.022982,0
2025-11-07 07:33:31,-0.022503,-0.022503,0
2025-11-07 07:34:31,-0.022503,-0.022503,0
2025-11-07 07:35:31,-0.022503,-0.022503,0
2025-11-07 07:36:31,-0.022503,-0.022503,0
2025-11-07 07:37:31,-0.02244,-0.022503,0
2025-11-07 07:38:31,-0.022503,-0.022503,0
2025-11-07 07:39:31,-0.022861,-0.022514,0
2025-11-07 07:40:31,-0.022861,-0.022514,0
2025-11-07 07:41:31,-0.022514,-0.022514,0
2025-11-07 07:42:31,-0.022514,-0.022514,0
2025-11-07 07:43:31,-0.022514,-0.022514,0
2025-11-07 07:44:31,-0.021955,-0.021955,0
2025-11-07 07:45:31,-0.021854,-0.021955,0
2025-11-07 07:46:31,-0.021955,-0.021955,0
2025-11-07 07:47:31,-0.022112,-0.022112,0
2025-11-07 07:48:31,-0.022112,-0.022112,0
2025-11-07 07:49:31,-0.02271,-0.02271,0
2025-11-07 07:50:31,-0.022893,-0.022893,0
2025-11-07 07:51:31,-0.022893,-0.022893,0
2025-11-07 07:52:31,-0.023024,-0.022932,0
2025-11-07 07:53:31,-0.022932,-0.023024,0
2025-11-07 07:54:31,-0.023024,-0.023024,0
2025-11-07 07:55:31,-0.023098,-0.023098,0
2025-11-07 07:56:31,-0.02335,-0.02335,0
2025-11-07 07:57:31,-0.023699,-0.023699,0
2025-11-07 07:58:31,-0.023829,-0.023829,0
2025-11-07 07:59:31,-0.023995,-0.023995,0
2025-11-07 08:00:31,-0.024031,-0.023995,0
2025-11-07 08:01:31,-0.023995,-0.023995,0
2025-11-07 08:02:31,-0.023829,-0.023829,0
2025-11-07 08:03:31,-0.02289,-0.02289,0
2025-11-07 08:04:31,-0.022085,-0.022085,0
2025-11-07 08:05:31,-0.021931,-0.021931,0
2025-11-07 08:06:31,-0.021786,-0.021786,0
2025-11-07 08:07:31,-0.021519,-0.021519,0
2025-11-07 08:08:31,-0.021519,-0.021519,0
2025-11-07 08:09:31,-0.021519,-0.021519,0
2025-11-07 08:10:31,-0.021608,-0.021608,0
2025-11-07 08:11:31,-0.021709,-0.021709,0
2025-11-07 08:12:31,-0.024087,-0.024087,0
2025-11-07 08:13:31,-0.024087,-0.024087,0
2025-11-07 08:14:31,-0.024087,-0.024087,0
2025-11-07 08:15:31,-0.023927,-0.023927,0
2025-11-07 08:16:31,-0.023927,-0.023927,0
2025-11-07 08:17:31,-0.023927,-0.023927,0
2025-11-07 08:18:31,-0.023942,-0.023942,0
2025-11-07 08:19:31,-0.023942,-0.023942,0
2025-11-07 08:20:31,-0.023974,-0.023942,0
2025-11-07 08:21:31,-0.023942,-0.023942,0
2025-11-07 08:22:31,-0.023643,-0.023643,0
2025-11-07 08:23:31,-0.023643,-0.023643,0
2025-11-07 08:24:31,-0.023643,-0.023643,0
2025-11-07 08:25:31,-0.023643,-0.023643,0
2025-11-07 08:26:31,-0.024069,-0.024069,0
2025-11-07 08:27:31,-0.024371,-0.024371,0
2025-11-07 08:28:31,-0.024919,-0.024919,0
2025-11-07 08:29:31,-0.025038,-0.025038,0
2025-11-07 08:30:31,-0.025038,-0.025038,0
2025-11-07 08:31:31,-0.025038,-0.025038,0
2025-11-07 08:32:31,-0.02441,-0.02441,0
2025-11-07 08:33:31,-0.024046,-0.024046,0
2025-11-07 08:34:31,-0.024046,-0.024046,0
2025-11-07 08:35:31,-0.024046,-0.024046,0
2025-11-07 08:36:31,-0.024173,-0.024173,0
2025-11-07 08:37:31,-0.024484,-0.024484,0
2025-11-07 08:38:31,-0.024484,-0.024484,0
2025-11-07 08:39:31,-0.024647,-0.024484,0
2025-11-07 08:40:31,-0.024647,-0.024484,0
2025-11-07 08:41:31,-0.024398,-0.024647,0
2025-11-07 08:42:31,-0.024398,-0.024582,0
2025-11-07 08:43:31,-0.024647,-0.024582,0
2025-11-07 08:44:31,-0.024582,-0.024582,0
2025-11-07 08:45:31,-0.024582,-0.024647,0
2025-11-07 08:46:31,-0.024928,-0.024582,0
2025-11-07 08:47:31,-0.024928,-0.024582,0
2025-11-07 08:48:31,-0.024582,-0.024845,0
2025-11-07 08:49:31,-0.024573,-0.024845,0
2025-11-07 08:50:31,-0.024845,-0.024833,0
2025-11-07 08:51:31,-0.024845,-0.024833,0
2025-11-07 08:52:31,-0.024833,-0.024833,0
2025-11-07 08:53:31,-0.024833,-0.024833,0
2025-11-07 08:54:31,-0.024833,-0.024833,0
2025-11-07 08:55:31,-0.024013,-0.024013,0
2025-11-07 08:56:31,-0.024013,-0.024013,0
2025-11-07 08:57:31,-0.023983,-0.023983,0
2025-11-07 08:58:31,-0.023983,-0.023983,0
2025-11-07 08:59:31,-0.023983,-0.023983,0
2025-11-07 09:00:31,-0.023604,-0.023604,0
2025-11-07 09:01:31,-0.02353,-0.02353,0
2025-11-07 09:02:31,-0.02353,-0.02353,0
2025-11-07 09:03:31,-0.023418,-0.023418,0
2025-11-07 09:04:31,-0.023157,-0.023157,0
2025-11-07 09:05:31,-0.022701,-0.022701,0
2025-11-07 09:06:31,-0.022665,-0.022665,0
2025-11-07 09:07:31,-0.022665,-0.022665,0
2025-11-07 09:08:31,-0.022665,-0.022665,0
2025-11-07 09:09:31,-0.022665,-0.022665,0
2025-11-07 09:10:31,-0.022263,-0.022263,0
2025-11-07 09:11:31,-0.022263,-0.022263,0
2025-11-07 09:12:31,-0.022263,-0.022263,0
2025-11-07 09:13:31,-0.022263,-0.022263,0
2025-11-07 09:14:31,-0.022307,-0.022263,0
2025-11-07 09:15:31,-0.022307,-0.022263,0
2025-11-07 09:16:31,-0.021978,-0.021978,0
2025-11-07 09:17:31,-0.021978,-0.021978,0
2025-11-07 09:18:31,-0.021309,-0.021463,0
2025-11-07 09:19:31,-0.021309,-0.021463,0
2025-11-07 09:20:31,-0.021463,-0.021463,0
2025-11-07 09:21:31,-0.021463,-0.021463,0
2025-11-07 09:22:31,-0.021463,-0.021463,0
2025-11-07 09:23:31,-0.021558,-0.021516,0
2025-11-07 09:24:31,-0.021516,-0.021516,0
2025-11-07 09:25:31,-0.021516,-0.021516,0
2025-11-07 09:26:31,-0.021558,-0.021516,0
2025-11-07 09:27:31,-0.021516,-0.021516,0
2025-11-07 09:28:31,-0.021202,-0.021202,0
2025-11-07 09:29:31,-0.021042,-0.021185,0
2025-11-07 09:30:31,-0.021185,-0.021185,0
2025-11-07 09:31:31,-0.021185,-0.021042,0
2025-11-07 09:32:31,-0.020841,-0.020841,0
2025-11-07 09:33:31,-0.020841,-0.020841,0
2025-11-07 09:34:31,-0.020841,-0.020841,0
2025-11-07 09:35:31,-0.020841,-0.020841,0
2025-11-07 09:36:31,-0.020841,-0.020841,0
2025-11-07 09:37:31,-0.020989,-0.020989,0
2025-11-07 09:38:31,-0.020989,-0.020989,0
2025-11-07 09:39:31,-0.020989,-0.020989,0
2025-11-07 09:40:31,-0.020296,-0.020296,0
2025-11-07 09:41:31,-0.020296,-0.020296,0
2025-11-07 09:42:31,-0.020228,-0.020228,0
2025-11-07 09:43:31,-0.020172,-0.020172,0
2025-11-07 09:44:31,-0.020172,-0.020172,0
2025-11-07 09:45:31,-0.019938,-0.019938,0
2025-11-07 09:46:31,-0.019938,-0.019938,0
2025-11-07 09:47:31,-0.019938,-0.019938,0
2025-11-07 09:48:31,-0.019938,-0.019938,0
2025-11-07 09:49:31,-0.019938,-0.019938,0
2025-11-07 09:50:31,-0.02005,-0.02005,0
2025-11-07 09:51:31,-0.020264,-0.02005,0
2025-11-07 09:52:31,-0.020264,-0.02005,0
2025-11-07 09:53:31,-0.01973,-0.01973,0
2025-11-07 09:54:31,-0.01973,-0.01973,0
2025-11-07 09:55:31,-0.01963,-0.01963,0
2025-11-07 09:56:31,-0.019271,-0.019271,0
2025-11-07 09:57:31,-0.019242,-0.019271,0
2025-11-07 09:58:31,-0.019271,-0.019242,0
2025-11-07 09:59:31,-0.018946,-0.018946,0
2025-11-07 10:00:31,-0.018946,-0.018946,0
2025-11-07 10:01:31,-0.018845,-0.018845,0
2025-11-07 10:02:31,-0.018845,-0.018845,0
2025-11-07 10:03:31,-0.018605,-0.018605,0
2025-11-07 10:04:31,-0.018605,-0.018605,0
2025-11-07 10:05:31,-0.018412,-0.018412,0
2025-11-07 10:06:31,-0.018134,-0.018412,0
2025-11-07 10:07:31,-0.018134,-0.018134,0
2025-11-07 10:08:31,-0.018412,-0.018134,0
2025-11-07 10:09:31,-0.018004,-0.018022,0
2025-11-07 10:10:31,-0.018004,-0.018022,0
2025-11-07 10:11:31,-0.018022,-0.018004,0
2025-11-07 10:12:31,-0.018022,-0.018004,0
2025-11-07 10:13:31,-0.018001,-0.018001,0
2025-11-07 10:14:31,-0.017743,-0.017743,0
2025-11-07 10:15:31,-0.017743,-0.017743,0
2025-11-07 10:16:31,-0.017717,-0.017743,0
2025-11-07 10:17:31,-0.017743,-0.017743,0
2025-11-07 10:18:31,-0.017717,-0.017717,0
2025-11-07 10:19:31,-0.017859,-0.017717,0
2025-11-07 10:20:31,-0.017705,-0.017705,0
2025-11-07 10:21:31,-0.01753,-0.01753,0
2025-11-07 10:22:31,-0.017331,-0.017331,0
2025-11-07 10:23:31,-0.017331,-0.017331,0
2025-11-07 10:24:31,-0.016677,-0.016677,0
2025-11-07 10:25:31,-0.016526,-0.016526,0
2025-11-07 10:26:31,-0.016499,-0.016499,0
2025-11-07 10:27:31,-0.016259,-0.016259,0
2025-11-07 10:28:31,-0.016055,-0.016055,0
2025-11-07 10:29:31,-0.016055,-0.016055,0
2025-11-07 10:30:31,-0.015596,-0.015596,0
2025-11-07 10:31:31,-0.015489,-0.015489,0
2025-11-07 10:32:31,-0.015338,-0.015338,0
2025-11-07 10:33:31,-0.015338,-0.015338,0
2025-11-07 10:34:31,-0.015282,-0.015282,0
2025-11-07 10:35:31,-0.014861,-0.014861,0
2025-11-07 10:36:31,-0.014734,-0.014734,0
2025-11-07 10:37:31,-0.014687,-0.014687,0
2025-11-07 10:38:31,-0.014553,-0.014553,0
2025-11-07 10:39:31,-0.014376,-0.014376,0
2025-11-07 10:40:31,-0.014376,-0.014376,0
2025-11-07 10:41:31,-0.014376,-0.014376,0
2025-11-07 10:42:31,-0.014349,-0.014349,0
2025-11-07 10:43:31,-0.013896,-0.013896,0
2025-11-07 10:44:31,-0.013849,-0.013849,0
2025-11-07 10:45:31,-0.013727,-0.013727,0
2025-11-07 10:46:31,-0.013467,-0.013467,0
2025-11-07 10:47:31,-0.013467,-0.013467,0
2025-11-07 10:48:31,-0.013467,-0.013467,0
2025-11-07 10:49:31,-0.013467,-0.013467,0
2025-11-07 10:50:31,-0.013467,-0.013467,0
2025-11-07 10:51:31,-0.01344,-0.01344,0
2025-11-07 10:52:31,-0.01344,-0.01344,0
2025-11-07 10:53:31,-0.013336,-0.013336,0
2025-11-07 10:54:31,-0.013336,-0.013336,0
2025-11-07 10:55:31,-0.013307,-0.013307,0
2025-11-07 10:56:31,-0.013301,-0.013301,0
2025-11-07 10:57:31,-0.01275,-0.01275,0
2025-11-07 10:58:31,-0.012581,-0.012581,0
2025-11-07 10:59:31,-0.012383,-0.012383,0
2025-11-07 11:00:31,-0.011959,-0.011959,0
2025-11-07 11:01:31,-0.011921,-0.011921,0
2025-11-07 11:02:31,-0.011784,-0.011921,0
2025-11-07 11:03:31,-0.011921,-0.011921,0
